user_input,retrieved_contexts,response,reference,faithfulness,context_precision,answer_relevancy,configuracion,chunk_size,top_k,temperature,tiempo_promedio
Hoy me siento muy mal. ¿Podrías darme algunas técnicas que pueda aplicar?,"['Técnicas de respiración para reducir el estrés', 'Técnicas para manejar pensamientos negativos', 'Técnicas para dejar de fumar']","Lo siento mucho que te sientas mal hoy. Como terapeuta conversacional, puedo ofrecerte algunas técnicas que podrían ayudarte a sentirte mejor. Recuerda que lo más importante es ser paciente y compasivo contigo mismo.

**Técnicas de respiración para reducir el estrés**

1. **Respiración diafragmática**: Sienta la respiración en su abdomen, no en su pecho. Inhala profundamente por la nariz, permitiendo que su abdomen se expanda, y exhala lentamente por la boca, permitiendo que su abdomen se contraiga.
2. **Respiración 4-7-8**: Inhala por la nariz durante 4 segundos, retén la respiración durante 7 segundos y exhala por la boca durante 8 segundos. Repite este ciclo varias veces.
3. **Respiración consciente**: Fíjese en su respiración sin intentar controlarla. Sienta el aire entrando y saliendo de su cuerpo, sin juzgar ni evaluar.

**Técnicas para manejar pensamientos negativos**

1. **Reconocer y aceptar**: Reconozca que sus pensamientos negativos son solo pensamientos, y no necesariamente reflejan la realidad. Acepte que están allí, sin juzgar ni resistir.
2. **Reemplazar pensamientos negativos**: Cuando tenga un pensamiento negativo, trate de reemplazarlo con un pensamiento positivo o neutral. Por ejemplo, si piensa ""No puedo hacer esto"", trate de pensar ""Puedo hacer esto, y si no, puedo pedir ayuda"".
3. **Practicar la gratitud**: Tenga en cuenta las cosas que le agradecen en su vida, no importa cuán pequeñas sean. Esto puede ayudar a cambiar su perspectiva y reducir la negatividad.

**Técnicas para dejar de fumar**

1. **Identificar los desencadenantes**: Tenga en cuenta qué situaciones o emociones lo llevan a fumar. Una vez que identifique los desencadenantes, puede desarrollar estrategias para evitarlos o manejarlos de manera diferente.
2. **Usar sustitutos**: En lugar de fumar, trate de usar sustitutos como chicle, goma de mascar o un inhalador de nicotina.
3. **Practicar la relajación**: La relajación puede ayudar a reducir el estrés y la ansiedad, que a menudo son motivos para fumar. Pruebe técnicas de respiración, meditación o yoga para ayudar a relajarse.

Recuerda que cada persona es única, y lo que funciona para una persona puede no funcionar para otra. Experimenta con diferentes técnicas y encuentra lo que funciona mejor para ti. Y si necesitas ayuda adicional, no dudes en buscar la de un profesional de la salud mental.","Para sentirte mejor, puedes probar técnicas de respiración profunda, meditación mindfulness, ejercicio ligero, escribir en un diario, o hablar con alguien de confianza. Es importante identificar qué está causando estos sentimientos y buscar apoyo profesional si persiste.",1.0,0.16666666666666666,0.75,config_baja_temperatura,256,3,0.1,30.70541301369667
¿Cómo puedo reducir mi nivel de estrés?,"['Técnicas de respiración para reducir el estrés', 'Estrategias para reducir el consumo de alcohol', 'Técnicas para dejar de fumar']","Entiendo que estás buscando formas de reducir tu nivel de estrés. La vida puede ser muy demandante a veces, y es normal sentirse abrumado. Quiero que sepas que estás en un lugar seguro y que estoy aquí para ayudarte.

Primero, quiero mencionar que la respiración profunda puede ser una herramienta muy efectiva para reducir el estrés. Cuando estamos estresados, nuestro ritmo cardíaco se acelera y nuestro cuerpo se prepara para la ""lucha o huida"". La respiración profunda puede ayudar a calmar nuestro sistema nervioso y reducir la ansiedad. Puedes intentar la técnica de respiración 4-7-8: inhala durante 4 segundos, retén la respiración durante 7 segundos y exhala durante 8 segundos. Repite este ciclo varias veces.

Otra estrategia que te recomiendo es reducir tu consumo de alcohol. El alcohol puede parecer una forma de relajarse, pero en realidad puede aumentar la ansiedad y el estrés a largo plazo. Si te sientes tentado a beber para calmarte, intenta encontrar otras formas de relajarte, como leer un libro, escuchar música o practicar yoga.

Si eres fumador, también es importante que sepas que dejar de fumar puede ser una forma de reducir el estrés. El tabaco puede causar una dependencia química y puede aumentar la ansiedad y el estrés. Si estás dispuesto a dejar de fumar, hay muchas recursos disponibles para ayudarte, como programas de apoyo y terapia.

Además de estas estrategias, también te recomiendo intentar algunas otras cosas:

* Practica la meditación o la mindfulness para calmar tu mente y reducir la ansiedad.
* Haz ejercicio regularmente para liberar endorfinas, que son químicos que pueden ayudar a reducir el estrés.
* Establece límites claros con tus responsabilidades y prioriza tus tareas para evitar sentirte abrumado.
* Busca apoyo de amigos, familiares o un terapeuta si necesitas hablar sobre tus sentimientos y estrategias para reducir el estrés.

Recuerda que no estás solo en esto. Hay muchas personas que han pasado por lo mismo y han encontrado formas de reducir su estrés y mejorar su bienestar. ¿Quieres hablar más sobre alguna de estas estrategias o sobre algo que te esté preocupando en particular?","Para reducir el estrés puedes implementar técnicas de relajación como respiración profunda, ejercicio regular, establecer límites claros, organizar tu tiempo, practicar mindfulness, mantener una rutina de sueño saludable y buscar apoyo social.",1.0,0.5714285714285714,0.8903225806451613,config_baja_temperatura,256,3,0.1,30.70541301369667
Últimamente he estado fumando mucho debido al estrés. ¿Qué debería hacer?,"['Técnicas de respiración para reducir el estrés', 'La meditación mindfulness puede ayudar con la ansiedad', 'El ejercicio regular es beneficioso para la salud mental']","Entiendo que estás pasando por un momento difícil y que el estrés te está llevando a fumar más de lo habitual. Quiero que sepas que no estás solo en esto. Muchas personas se ven afectadas por el estrés y buscan formas de manejarlo de manera saludable.

Antes de nada, quiero felicitarte por reconocer que necesitas hacer algo al respecto. Eso ya es un gran paso. Ahora, te voy a ofrecer algunas sugerencias que podrían ayudarte a reducir el estrés y dejar de fumar de manera más efectiva.

Primero, te recomiendo que intentes practicar técnicas de respiración profunda. Puedes hacerlo en cualquier momento y en cualquier lugar. Simplemente inhala profundamente por la nariz, retén el aire durante unos segundos y exhala lentamente por la boca. Esto puede ayudarte a calmar tu mente y a reducir el estrés.

Otra opción es la meditación mindfulness. Puedes empezar con sesiones cortas de 5-10 minutos al día y progresar a medida que te sientas más cómodo con la práctica. La meditación puede ayudarte a estar más presente en el momento y a reducir la ansiedad.

También es importante mencionar que el ejercicio regular puede ser beneficioso para la salud mental. Puedes empezar con actividades que te gusten, como caminar, correr, nadar o practicar yoga. El ejercicio puede ayudarte a liberar endorfinas, que son químicos que te hacen sentir bien y reducen el estrés.

Recuerda que dejar de fumar es un proceso y que no es fácil. Pero con la ayuda de estas técnicas y un poco de determinación, puedes lograrlo. ¿Te gustaría hablar más sobre alguna de estas opciones o sobre cómo puedes empezar a implementarlas en tu vida?","Es importante abordar tanto el estrés como el hábito de fumar. Busca alternativas saludables para manejar el estrés como ejercicio, técnicas de relajación, o hablar con alguien. Considera estrategias de cesación tabáquica gradual y busca apoyo profesional si es necesario.",1.0,0.0,0.4795454545454545,config_baja_temperatura,256,3,0.1,30.70541301369667
Mi relación con mi pareja me está causando mucho estrés y he comenzado a beber de nuevo. ¿Qué piensas que sería mejor hacer?,"['Técnicas de respiración para reducir el estrés', 'La meditación mindfulness puede ayudar con la ansiedad', 'Mantener un diario puede ayudar a procesar emociones']","Lo siento mucho que estés pasando por un momento tan difícil en tu relación y que estés experimentando estrés y ansiedad. Beber de nuevo puede ser un mecanismo de escape para algunas personas, pero también puede llevar a problemas adicionales.

Quiero que sepas que estás en un lugar seguro y que puedo ayudarte a explorar algunas opciones para manejar este estrés y encontrar una forma más saludable de abordar tus emociones.

Primero, me gustaría que sepas que no estás solo en esto. Muchas personas han pasado por situaciones similares y han encontrado formas de superarlas. 

Una posible opción es practicar técnicas de respiración para reducir el estrés. Puedes intentar la respiración diafragmática, que implica respirar profundamente y permitir que tu abdomen se expanda mientras inhalas. También puedes intentar la respiración 4-7-8, que implica inhalar durante 4 segundos, retener el aire durante 7 segundos y exhalar durante 8 segundos.

Otra opción es la meditación mindfulness. Puedes intentar meditar durante unos minutos al día, enfocándote en el presente y permitiendo que tus pensamientos y emociones fluyan sin juzgarlos. Esto puede ayudarte a reducir la ansiedad y a sentirte más calmado.

También te sugiero mantener un diario para procesar tus emociones. Puedes escribir sobre tus sentimientos, pensamientos y experiencias, y reflexionar sobre lo que te está causando estrés en tu relación. Esto puede ayudarte a identificar patrones y a encontrar formas de abordarlos de manera más saludable.

Finalmente, si sientes que tu relación está causando estrés y ansiedad, puede ser útil hablar con tu pareja sobre cómo te sientes. A veces, comunicarse abiertamente y honestamente puede ayudar a resolver problemas y a encontrar formas de mejorar la relación.

Recuerda que estás en un lugar seguro y que puedo ayudarte a explorar estas opciones. ¿Te gustaría hablar más sobre alguna de estas opciones o sobre algo más que te esté preocupando?","Es crucial abordar tanto los problemas de pareja como el consumo de alcohol. Considera terapia de pareja para mejorar la comunicación, busca apoyo para el tema del alcohol, y desarrolla estrategias saludables de manejo del estrés. No dudes en buscar ayuda profesional.",1.0,0.36363636363636365,1.0,config_baja_temperatura,256,3,0.1,30.70541301369667
Siento mucha ansiedad. ¿Cómo puedo reducirla?,"['Técnicas de respiración para reducir el estrés', 'La meditación mindfulness puede ayudar con la ansiedad', 'El ejercicio regular es beneficioso para la salud mental']","Lo siento mucho que estés sintiendo ansiedad. Es completamente normal y hay muchas cosas que puedes hacer para reducirla. Quiero que sepas que estás en un lugar seguro y que estoy aquí para ayudarte.

La ansiedad puede ser un desafío, pero hay algunas técnicas que pueden ayudarte a sentirte más calmado y centrado. Una de ellas es la respiración profunda. ¿Sabes que cuando estamos ansiosos, nuestro ritmo cardíaco se acelera y nuestra respiración se vuelve más superficial? La respiración profunda puede ayudar a calmar nuestro sistema nervioso y reducir la ansiedad.

Una técnica sencilla es sentarte cómodamente, cerrar los ojos y enfocarte en la respiración. Inhala profundamente por la nariz durante 4 segundos, retén el aire durante 4 segundos y exhala lentamente por la boca durante 4 segundos. Repite este proceso varias veces. Puedes hacerlo en cualquier momento y en cualquier lugar.

Otra técnica que puede ayudarte es la meditación mindfulness. La meditación es una práctica que te ayuda a estar presente en el momento y a dejar ir tus pensamientos y emociones. Puedes empezar con sesiones cortas de 5-10 minutos y enfocarte en tu respiración, en tus sentidos o en un objeto en particular. La meditación puede ayudarte a sentirte más calmado y centrado.

Finalmente, el ejercicio regular es beneficioso para la salud mental. El ejercicio puede ayudar a reducir la ansiedad y mejorar tu estado de ánimo. Puedes empezar con actividades que te gusten, como caminar, correr, nadar o practicar yoga. Lo importante es encontrar algo que te haga sentir bien y que puedas hacer con regularidad.

Recuerda que la ansiedad es un proceso y que no hay una solución mágica. Lo importante es encontrar lo que funciona para ti y hacerlo con regularidad. ¿Quieres probar alguna de estas técnicas y ver cómo te sientes? Estoy aquí para apoyarte y ayudarte a encontrar lo que funciona para ti.","Para reducir la ansiedad, prueba técnicas de respiración profunda, ejercicios de relajación muscular progresiva, mindfulness, ejercicio regular, limitar la cafeína, mantener una rutina estable, y técnicas de reestructuración cognitiva. Si persiste, busca ayuda profesional.",1.0,0.0,0.6666666666666666,config_baja_temperatura,256,3,0.1,30.70541301369667
He tenido muchos pensamientos negativos últimamente. ¿Está relacionado con el estrés?,"['Técnicas para manejar pensamientos negativos', 'Técnicas de respiración para reducir el estrés', 'La meditación mindfulness puede ayudar con la ansiedad']","Entiendo que estás pasando por un momento difícil y que los pensamientos negativos te están afectando. El estrés es un factor común que puede contribuir a la aparición de pensamientos negativos, pero no es la única causa. Hay muchas razones por las que podemos experimentar pensamientos negativos, como la ansiedad, la depresión, la falta de sueño, la mala alimentación, entre otras.

Quiero que sepas que no estás solo en esto. Muchas personas experimentan pensamientos negativos y hay formas de manejarlos de manera efectiva. Una de las técnicas que te recomiendo es la respiración profunda. Cuando estamos estresados, nuestro ritmo cardíaco se acelera y nuestra respiración se vuelve más superficial. La respiración profunda puede ayudar a calmarnos y reducir el estrés.

Otra técnica que te sugiero es la meditación mindfulness. La meditación puede ayudarte a estar presente en el momento y a dejar ir los pensamientos negativos. No es necesario que seas un experto en meditación para empezar. Puedes comenzar con sesiones cortas de 5-10 minutos al día y gradualmente aumentar el tiempo a medida que te sientas más cómodo.

También te recomiendo practicar la auto-compasión. Cuando estamos pasando por un momento difícil, es fácil caer en la crítica y la autocompasión. Sin embargo, es importante recordar que somos seres humanos y que es normal experimentar pensamientos negativos de vez en cuando. Puedes tratar de ser más amable contigo mismo y recordar que estás haciendo lo mejor que puedes en cada momento.

¿Te gustaría explorar más sobre alguna de estas técnicas o hay algo en particular que te gustaría hablar sobre?","Sí, el estrés puede intensificar los pensamientos negativos. Es importante practicar técnicas de reestructuración cognitiva, mindfulness, mantener un diario de pensamientos, buscar actividades que te den bienestar, y considerar hablar con un profesional si estos pensamientos persisten o interfieren con tu vida diaria.",1.0,0.7272727272727273,0.786013986013986,config_baja_temperatura,256,3,0.1,30.70541301369667
"Cuando estoy estresado, no puedo trabajar. ¿Qué puedo hacer?","['Técnicas de respiración para reducir el estrés', 'La meditación mindfulness puede ayudar con la ansiedad', 'El ejercicio regular es beneficioso para la salud mental']","Entiendo que estás pasando por un momento difícil y que el estrés te está afectando en tu capacidad para trabajar. Quiero que sepas que no estás solo en esto. Muchas personas han pasado por lo mismo y han encontrado formas de manejar el estrés de manera efectiva.

Primero, quiero que sepas que es completamente normal sentirse estresado y que no hay nada de malo en reconocerlo. En realidad, es un signo de que estás consciente de tus emociones y que estás dispuesto a hacer algo al respecto.

Ahora, te voy a compartir algunas sugerencias que podrían ayudarte a reducir el estrés y mejorar tu capacidad para trabajar:

1. **Técnicas de respiración**: La respiración profunda y consciente puede ayudar a calmar la mente y reducir el estrés. Puedes intentar la respiración diafragmática, que implica inhalar profundamente por la nariz, expandir el diafragma y exhalar lentamente por la boca. Puedes practicar esta técnica en cualquier momento del día, incluso en el trabajo.
2. **Meditación mindfulness**: La meditación mindfulness es una técnica que te ayuda a estar presente en el momento y a dejar ir las preocupaciones del pasado o del futuro. Puedes intentar meditar durante 5-10 minutos al día, sentado en una silla o en una posición cómoda en el suelo. Puedes utilizar una aplicación o un guía de meditación para ayudarte a empezar.
3. **Ejercicio regular**: El ejercicio físico es una excelente manera de reducir el estrés y mejorar la salud mental. Puedes intentar hacer ejercicio durante 30 minutos al día, ya sea caminando, corriendo, nadando o practicando yoga. El ejercicio puede ayudarte a liberar endorfinas, que son químicos que te hacen sentir bien y reducen el estrés.
4. **Priorizar tareas**: A veces, el estrés se debe a la sensación de que no podemos controlar la cantidad de trabajo que tenemos que hacer. Puedes intentar priorizar tus tareas y enfocarte en las más importantes. Esto te ayudará a sentirte más en control y a reducir la sensación de estrés.
5. **Tomar descansos**: Es importante tomar descansos y relajarte durante el día. Puedes intentar tomar un descanso de 10-15 minutos cada hora para estirarte, respirar profundamente o hacer algo que te guste.

Recuerda que el estrés es una parte normal de la vida, pero no tiene que controlarte. Hay muchas cosas que puedes hacer para reducir el estrés y mejorar tu capacidad para trabajar. ¿Quieres intentar alguna de estas sugerencias y ver cómo te va?","Para manejar el estrés que afecta tu productividad, prueba técnicas de organización del tiempo, toma descansos regulares, practica técnicas de relajación antes del trabajo, crea un ambiente de trabajo calmado, y considera técnicas de mindfulness. Es importante abordar las fuentes del estrés.",1.0,0.0,0.6242857142857142,config_baja_temperatura,256,3,0.1,30.70541301369667
No puedo comer como antes debido al estrés. ¿Qué puedo hacer?,"['Técnicas de respiración para reducir el estrés', 'La meditación mindfulness puede ayudar con la ansiedad', 'El ejercicio regular es beneficioso para la salud mental']","Entiendo que estás pasando por un momento difícil y que el estrés te está afectando la forma en que comes. Es completamente normal sentirse así, pero hay cosas que puedes hacer para ayudarte a manejar el estrés y mejorar tu relación con la comida.

Primero, quiero que sepas que no estás solo en esto. Muchas personas experimentan cambios en su apetito y forma de comer cuando están estresadas. Lo importante es encontrar formas de manejar el estrés de manera saludable.

Una de las cosas que te recomiendo es practicar técnicas de respiración. La respiración profunda y lenta puede ayudarte a calmarte y reducir el estrés. Puedes intentar la respiración diafragmática, que implica inhalar profundamente por la nariz, expandir el diafragma y exhalar lentamente por la boca. También puedes intentar la respiración 4-7-8, que implica inhalar durante 4 segundos, retener el aire durante 7 segundos y exhalar durante 8 segundos.

Otra cosa que te recomiendo es practicar la meditación mindfulness. La meditación puede ayudarte a estar presente en el momento y a reducir la ansiedad y el estrés. Puedes intentar meditar durante 5-10 minutos al día, sentado en una silla o en una posición cómoda en el suelo. Puedes enfocarte en tu respiración, en tus sentidos o en un mantra. Lo importante es encontrar un enfoque que te ayude a relajarte.

Finalmente, quiero que sepas que el ejercicio regular es beneficioso para la salud mental. El ejercicio puede ayudarte a reducir el estrés y la ansiedad, y a mejorar tu estado de ánimo. Puedes intentar hacer ejercicio de manera regular, como caminar, correr, nadar o practicar yoga. Lo importante es encontrar un ejercicio que te guste y que te haga sentir bien.

Recuerda que no estás solo en esto, y que hay ayuda disponible. Si sientes que el estrés y la ansiedad están afectando tu vida de manera significativa, no dudes en buscar ayuda de un profesional de la salud mental. Estoy aquí para apoyarte en cualquier forma que pueda.

¿Te gustaría hablar más sobre alguna de estas opciones o sobre algo más que te esté pasando? Estoy aquí para escucharte.","El estrés puede afectar significativamente el apetito. Intenta comer pequeñas porciones frecuentes, mantén horarios regulares de comida, elige alimentos nutritivos y fáciles de digerir, practica técnicas de relajación antes de comer, y busca ayuda profesional si la pérdida de apetito persiste.",1.0,0.0,0.9057142857142857,config_baja_temperatura,256,3,0.1,30.70541301369667
